gender,name.title,name.first,name.last,dob.date,dob.age,phone
male,mr,zack,harvey,1983-11-04T11:19:23Z,35,(140)-552-4961
male,mr,lester,medina,1979-08-29T11:33:45Z,39,(853)-643-7640
male,mr,leonard,wilson,1963-02-20T18:16:59Z,56,(824)-431-2987
male,mr,christopher,howard,1960-09-01T21:54:48Z,58,(127)-090-5852
male,mr,sean,frazier,1988-02-19T00:05:09Z,31,(431)-064-1309
male,mr,matthew,fowler,1974-04-30T16:28:02Z,44,(745)-568-5666
male,mr,tom,rose,1959-09-06T17:41:20Z,59,(798)-594-6739
female,miss,teresa,bishop,1974-11-07T17:12:14Z,44,(473)-204-0984
female,mrs,alyssa,morrison,1984-10-30T02:46:45Z,34,(295)-343-9109
female,miss,hailey,hicks,1955-02-19T06:39:26Z,64,(363)-723-1077
male,mr,fred,rose,1985-09-22T15:23:04Z,33,(990)-678-8464
male,mr,karl,montgomery,1964-06-01T09:58:20Z,54,(859)-768-2821
female,ms,letitia,hudson,1981-09-18T16:30:48Z,37,(870)-851-3954
male,mr,martin,washington,1984-09-05T17:11:21Z,34,(024)-419-5184
male,mr,thomas,lawrence,1989-10-10T00:31:03Z,29,(537)-981-8706
female,mrs,arlene,hayes,1979-10-03T11:52:43Z,39,(518)-178-2772
female,ms,linda,fowler,1970-06-14T03:22:59Z,48,(636)-657-7351
male,mr,virgil,bell,1947-06-22T12:57:00Z,71,(342)-193-4686
male,mr,claude,morrison,1959-02-04T13:28:12Z,60,(098)-396-4372
female,mrs,danielle,washington,1983-08-13T22:16:43Z,35,(633)-390-2218
male,mr,jack,duncan,1970-06-16T09:19:05Z,48,(772)-427-7886
male,mr,david,duncan,1975-07-24T20:17:40Z,43,(468)-409-6754
female,ms,ramona,crawford,1950-10-23T04:36:15Z,68,(015)-101-1211
male,mr,jose,gilbert,1977-09-23T12:39:23Z,41,(036)-508-9548
female,ms,sandra,newman,1967-07-12T23:11:21Z,51,(842)-385-0634
female,ms,carole,prescott,1990-09-02T21:02:05Z,28,(388)-830-0052
male,mr,raul,pearson,1964-06-19T05:39:40Z,54,(369)-107-3024
female,miss,bertha,daniels,1982-01-30T16:32:54Z,37,(602)-881-4473
female,mrs,julia,banks,1948-02-08T23:43:58Z,71,(734)-981-3322
female,miss,bessie,gardner,1996-12-29T21:45:23Z,22,(073)-552-5770
male,mr,jar,hayes,1966-07-04T23:12:27Z,52,(181)-602-9782
female,ms,eileen,day,1988-08-04T00:54:33Z,30,(462)-444-4195
female,miss,debra,parker,1945-11-20T11:37:32Z,73,(161)-451-0712
male,mr,virgil,daniels,1988-03-21T04:11:53Z,31,(319)-464-1938
female,mrs,natalie,gardner,1957-06-19T14:54:37Z,61,(621)-483-2938
female,mrs,martha,wood,1963-09-20T02:41:59Z,55,(912)-256-9941
male,mr,arron,hoffman,1953-02-04T04:01:38Z,66,(497)-613-8460
female,miss,rachel,murphy,1984-03-01T03:13:03Z,35,(058)-883-7629
female,miss,brianna,simmmons,1962-12-04T14:26:59Z,56,(855)-024-8551
male,mr,guy,lee,1991-02-15T22:06:21Z,28,(088)-616-5154
female,mrs,tamara,herrera,1966-10-15T01:00:20Z,52,(667)-073-1433
female,miss,april,jackson,1985-08-11T17:42:28Z,33,(094)-016-3126
female,mrs,jackie,duncan,1957-12-30T02:39:27Z,61,(800)-065-8295
male,mr,clifford,perez,1994-07-03T07:14:51Z,24,(791)-600-1233
male,mr,joshua,medina,1953-01-19T06:28:33Z,66,(694)-562-3674
female,mrs,valerie,watson,1969-05-29T06:27:18Z,49,(991)-656-3997
male,mr,philip,howard,1946-01-06T22:43:24Z,73,(986)-604-8718
male,mr,devon,bradley,1989-12-26T18:25:28Z,29,(016)-861-3391
male,mr,dean,perry,1988-01-07T19:25:51Z,31,(239)-165-7293
male,mr,leon,jordan,1945-05-23T05:23:56Z,73,(511)-652-9840
female,miss,marjorie,andrews,1995-02-24T14:24:12Z,24,(951)-806-3406
female,miss,miriam,rogers,1969-12-08T03:42:16Z,49,(693)-422-7803
female,miss,dawn,palmer,1971-08-01T06:02:56Z,47,(134)-226-2368
female,ms,norma,hernandez,1981-07-22T16:29:26Z,37,(608)-700-4502
male,mr,roland,shaw,1995-04-23T06:44:52Z,23,(586)-511-6637
male,mr,christian,douglas,1956-05-05T03:00:07Z,62,(032)-585-5631
male,mr,jeremiah,jenkins,1958-08-13T12:51:15Z,60,(308)-537-8292
male,mr,phillip,wilson,1963-06-30T09:14:48Z,55,(598)-134-9401
male,mr,joshua,murphy,1982-11-04T11:26:29Z,36,(310)-670-2615
female,miss,joan,collins,1954-04-19T16:31:47Z,64,(359)-743-8763
male,mr,raul,meyer,1988-09-27T11:43:31Z,30,(697)-690-9583
female,ms,kelly,bell,1989-07-14T15:20:33Z,29,(874)-953-1103
male,mr,roberto,prescott,1948-01-08T12:13:40Z,71,(203)-780-3639
female,mrs,aubree,henderson,1949-07-10T07:26:30Z,69,(341)-572-0576
male,mr,ian,evans,1968-02-18T17:02:10Z,51,(127)-741-8514
female,ms,priscilla,daniels,1948-11-27T07:42:05Z,70,(849)-637-7865
male,mr,lucas,matthews,1950-11-11T01:54:10Z,68,(026)-301-8215
male,mr,kurt,gutierrez,1967-04-08T14:30:25Z,51,(139)-931-7418
female,miss,glenda,gray,1961-01-02T11:45:21Z,58,(187)-617-7995
female,ms,addison,mills,1960-10-30T10:35:15Z,58,(489)-573-7715
female,ms,annie,davis,1992-08-25T03:16:55Z,26,(374)-437-3468
female,mrs,sherry,lawrence,1961-10-28T04:52:13Z,57,(106)-935-7635
female,mrs,krin,spencer,1948-10-29T11:17:49Z,70,(541)-435-0051
male,mr,vincent,torres,1987-06-02T00:18:00Z,31,(011)-187-4913
female,miss,glenda,hill,1960-05-25T17:19:01Z,58,(121)-679-7295
male,mr,pat,peterson,1981-04-06T16:15:03Z,37,(020)-608-9915
male,mr,kirk,hunter,1989-02-03T21:35:45Z,30,(435)-261-6662
female,mrs,nicole,brown,1949-11-15T07:17:30Z,69,(351)-919-3400
female,miss,grace,nelson,1965-08-01T12:26:48Z,53,(569)-603-2558
male,mr,tommy,rodriquez,1992-10-08T13:50:02Z,26,(605)-938-0987
male,mr,pat,johnston,1980-03-21T08:48:36Z,39,(054)-672-0706
male,mr,jimmy,barnett,1981-05-26T07:07:58Z,37,(028)-714-4456
female,mrs,brandie,herrera,1953-07-16T19:17:20Z,65,(561)-548-6945
female,ms,jennifer,douglas,1984-11-22T22:23:12Z,34,(981)-809-3096
male,mr,dwight,ruiz,1960-12-08T05:39:18Z,58,(397)-952-1734
female,mrs,shannon,woods,1945-08-24T13:10:36Z,73,(752)-568-4566
female,mrs,valerie,wilson,1974-08-17T00:38:54Z,44,(975)-123-4911
male,mr,jeff,bennett,1995-03-24T17:25:27Z,24,(794)-213-5010
female,mrs,addison,mcdonalid,1970-08-28T05:39:55Z,48,(238)-677-3425
male,mr,jason,hall,1963-07-08T02:16:42Z,55,(117)-856-1374
female,ms,terri,morales,1960-03-29T14:56:38Z,58,(150)-199-9799
female,ms,kelly,jenkins,1961-09-06T15:48:54Z,57,(382)-025-2532
female,miss,ashley,price,1982-11-20T14:57:31Z,36,(859)-944-3974
female,mrs,joan,stewart,1949-07-05T12:05:33Z,69,(643)-670-8699
male,mr,alvin,foster,1981-11-04T19:30:14Z,37,(377)-597-7668
male,mr,rene,lucas,1949-12-30T11:14:43Z,69,(684)-194-2403
female,miss,wilma,payne,1990-06-11T04:45:43Z,28,(000)-104-0564
female,ms,bernice,hart,1977-06-11T18:57:00Z,41,(650)-019-3952
female,ms,clara,pierce,1970-01-18T14:09:03Z,49,(817)-898-3223
female,miss,katrina,young,1981-07-01T15:48:53Z,37,(591)-231-2394
female,ms,joann,willis,1948-10-21T00:29:11Z,70,(340)-056-5436
female,mrs,janice,bryant,1962-04-29T05:19:00Z,56,(957)-952-2111
female,mrs,margie,ramirez,1971-03-29T13:55:53Z,47,(514)-646-3001
female,ms,zoey,phillips,1992-09-06T03:34:37Z,26,(439)-949-9230
male,mr,brad,holt,1973-12-17T03:57:13Z,45,(703)-284-0928
male,mr,shane,sullivan,1985-11-02T22:55:08Z,33,(556)-063-1261
male,mr,everett,dunn,1981-06-24T07:20:05Z,37,(682)-986-0293
female,mrs,jamie,howard,1968-06-30T22:59:46Z,50,(628)-222-6488
female,ms,ashley,george,1948-10-18T07:37:45Z,70,(509)-564-1581
male,mr,alfred,murray,1947-11-04T12:06:20Z,71,(531)-001-1689
male,mr,terrence,hernandez,1946-05-15T23:17:26Z,72,(075)-872-9752
male,mr,charles,miles,1961-03-17T11:50:30Z,58,(731)-942-0219
male,mr,jared,george,1968-04-26T19:53:45Z,50,(443)-999-3605
male,mr,clarence,douglas,1953-04-23T20:45:30Z,65,(046)-132-3051
female,ms,jeanette,stephens,1983-06-06T17:21:02Z,35,(376)-290-8176
female,ms,lois,jensen,1966-10-19T23:13:55Z,52,(910)-703-5453
female,ms,rose,stevens,1967-07-28T12:28:52Z,51,(668)-595-5115
female,miss,krin,perez,1992-03-11T04:41:03Z,27,(416)-686-8194
female,mrs,hailey,peck,1952-11-01T23:15:59Z,66,(801)-272-2562
female,miss,maureen,mccoy,1971-08-30T03:51:21Z,47,(430)-006-0697
male,mr,mathew,henry,1994-08-17T03:18:40Z,24,(109)-679-0163
female,miss,audrey,baker,1980-07-01T00:24:30Z,38,(009)-377-2009
male,mr,don,morales,1964-09-18T17:03:47Z,54,(037)-172-2562
male,mr,kurt,arnold,1990-09-09T21:17:50Z,28,(884)-659-8288
female,mrs,sophie,walters,1966-02-16T10:05:39Z,53,(419)-272-5771
female,ms,judith,rodriquez,1964-05-24T12:47:43Z,54,(832)-056-5743
female,ms,debbie,hart,1976-03-29T20:38:26Z,42,(353)-437-5094
male,mr,dean,weaver,1979-02-03T05:45:46Z,40,(357)-538-1157
male,mr,aiden,douglas,1945-05-26T20:31:32Z,73,(591)-320-2499
male,mr,alberto,lawson,1978-09-28T13:52:32Z,40,(797)-111-1752
female,ms,yvonne,knight,1989-07-07T02:20:54Z,29,(473)-148-0566
female,miss,gertrude,bradley,1981-04-24T07:48:03Z,37,(579)-117-4036
male,mr,kurt,harvey,1986-06-28T10:52:31Z,32,(029)-281-5458
female,miss,erin,tucker,1959-11-11T05:51:29Z,59,(847)-030-0636
male,mr,max,kennedy,1974-05-14T10:36:51Z,44,(755)-312-8083
female,mrs,marlene,payne,1966-04-24T01:08:30Z,52,(920)-148-5807
male,mr,dwayne,graves,1949-10-19T07:23:36Z,69,(927)-804-4871
male,mr,travis,soto,1958-02-22T18:09:34Z,61,(614)-796-0145
male,mr,ritthy,morales,1972-11-24T05:51:06Z,46,(545)-011-2467
female,ms,nina,sullivan,1965-10-24T03:36:58Z,53,(834)-646-8756
female,mrs,elsie,watkins,1996-08-26T16:10:25Z,22,(390)-870-5493
male,mr,andre,russell,1944-08-26T00:14:46Z,74,(694)-536-0557
female,mrs,meghan,nichols,1956-10-14T17:24:06Z,62,(104)-311-2198
female,mrs,sophia,walters,1979-06-12T10:49:08Z,39,(840)-532-4506
female,ms,edith,arnold,1974-05-20T08:05:17Z,44,(677)-702-7466
male,mr,tomothy,washington,1947-07-29T04:10:07Z,71,(523)-042-0188
male,mr,darren,perez,1947-11-22T04:16:21Z,71,(633)-669-2874
female,ms,darlene,kelley,1984-04-16T05:40:46Z,34,(273)-120-2825
female,ms,charlotte,hamilton,1957-05-08T07:20:34Z,61,(983)-418-8881
male,mr,billy,ryan,1967-07-03T04:23:49Z,51,(664)-266-9331
male,mr,ray,ward,1960-09-29T10:27:56Z,58,(538)-489-2652
female,ms,toni,cruz,1951-07-24T23:30:45Z,67,(281)-453-0451
male,mr,tommy,ryan,1969-04-05T17:42:06Z,49,(351)-085-3956
female,mrs,peggy,andrews,1989-03-27T14:39:41Z,29,(239)-476-9134
male,mr,dale,lee,1985-07-23T07:02:39Z,33,(097)-971-5591
female,miss,mia,jensen,1988-06-02T10:35:51Z,30,(247)-102-2573
female,ms,dianne,roberts,1959-04-23T03:42:34Z,59,(522)-106-5166
female,mrs,sheila,robertson,1987-03-03T07:52:16Z,32,(874)-505-2151
female,mrs,sue,mitchell,1961-10-30T03:16:10Z,57,(067)-373-7890
female,ms,peyton,dixon,1988-05-22T05:32:23Z,30,(207)-424-4325
female,miss,marlene,grant,1962-05-28T12:02:55Z,56,(678)-650-1744
male,mr,jimmy,sutton,1962-07-21T15:16:25Z,56,(778)-089-2616
male,mr,arthur,ruiz,1984-11-26T12:34:59Z,34,(580)-142-1772
female,ms,carole,johnson,1966-09-15T14:52:05Z,52,(167)-433-4651
female,miss,irma,arnold,1946-01-09T19:55:11Z,73,(707)-198-1778
female,ms,riley,burke,1960-04-01T01:25:32Z,58,(156)-378-4080
female,mrs,tiffany,byrd,1964-10-12T03:17:26Z,54,(416)-776-8191
female,ms,genesis,bowman,1991-11-30T22:55:58Z,27,(924)-129-0929
male,mr,jose,hudson,1953-08-14T15:48:42Z,65,(094)-955-1429
male,mr,jar,terry,1995-11-11T01:38:49Z,23,(173)-595-9259
male,mr,freddie,stephens,1966-04-20T08:25:41Z,52,(153)-146-9586
male,mr,travis,sullivan,1992-06-18T10:53:08Z,26,(938)-162-3545
male,mr,alberto,miller,1948-05-16T15:19:24Z,70,(166)-377-3232
female,ms,crystal,kelley,1977-08-29T02:51:56Z,41,(175)-892-9215
male,mr,evan,hughes,1964-11-18T17:03:12Z,54,(652)-792-3734
male,mr,shane,obrien,1968-01-20T17:50:56Z,51,(660)-934-0511
female,mrs,monica,ramos,1976-02-27T00:22:57Z,43,(392)-078-4184
male,mr,roberto,hunt,1951-12-30T11:29:55Z,67,(463)-088-5444
male,mr,greg,armstrong,1975-04-09T09:38:00Z,43,(069)-685-5051
male,mr,ron,fernandez,1995-08-08T09:43:39Z,23,(433)-937-8860
male,mr,raymond,carr,1973-12-11T15:42:08Z,45,(718)-525-4469
male,mr,alberto,morales,1955-11-10T17:40:33Z,63,(079)-575-3269
female,mrs,anita,shelton,1946-08-29T07:49:51Z,72,(975)-670-3369
male,mr,jerry,bowman,1974-05-05T11:25:44Z,44,(159)-301-9541
male,mr,nicholas,moore,1987-05-04T01:43:09Z,31,(054)-003-3582
male,mr,calvin,shaw,1991-02-20T08:51:41Z,28,(444)-585-2135
male,mr,bryan,rose,1980-06-13T01:04:23Z,38,(089)-630-3245
female,miss,sofia,smith,1949-09-24T16:35:57Z,69,(730)-122-7011
female,miss,sheila,holt,1997-03-01T13:16:24Z,22,(441)-583-5716
male,mr,dustin,terry,1993-06-21T09:09:04Z,25,(958)-235-9965
male,mr,andrew,cox,1962-05-23T04:26:22Z,56,(647)-206-1643
female,ms,nicole,gutierrez,1961-09-15T17:37:28Z,57,(728)-324-9767
female,ms,alyssa,gregory,1994-08-20T06:05:48Z,24,(947)-344-7460
male,mr,scott,dunn,1979-01-29T19:20:52Z,40,(992)-187-6281
female,mrs,zoe,torres,1950-12-03T17:10:51Z,68,(369)-456-5110
female,ms,paula,gonzalez,1995-06-29T13:43:11Z,23,(594)-869-7045
female,mrs,zoey,nichols,1949-02-16T18:03:29Z,70,(071)-193-5069
male,mr,aaron,reynolds,1954-06-17T21:08:20Z,64,(858)-227-6862
female,miss,darlene,dean,1984-07-29T12:06:26Z,34,(597)-929-4677
female,miss,megan,reid,1961-05-24T20:26:22Z,57,(955)-221-5367
female,ms,debbie,stone,1957-02-26T22:50:56Z,62,(517)-500-8920
female,ms,kristina,vargas,1973-04-18T13:34:44Z,45,(647)-815-3068
male,mr,allen,gregory,1959-01-16T18:12:45Z,60,(831)-576-4005
female,miss,marsha,hawkins,1997-04-28T17:43:07Z,21,(485)-622-1228
female,mrs,chloe,fleming,1951-01-20T09:31:10Z,68,(805)-763-4815
female,miss,nellie,fleming,1947-02-23T16:13:54Z,72,(818)-565-0220
male,mr,karl,adams,1970-12-03T06:35:21Z,48,(571)-024-7918
male,mr,isaiah,george,1951-12-04T15:55:03Z,67,(579)-602-2200
female,miss,marjorie,murphy,1950-07-24T11:44:16Z,68,(979)-453-0061
female,miss,letitia,gordon,1981-08-20T11:08:16Z,37,(024)-968-5704
male,mr,don,lawson,1944-09-04T20:19:53Z,74,(466)-349-3321
female,mrs,nevaeh,banks,1961-06-21T12:33:27Z,57,(950)-487-4715
female,ms,mia,jennings,1972-12-26T20:56:44Z,46,(670)-861-2419
male,mr,gabriel,collins,1993-05-01T22:58:53Z,25,(181)-154-7187
female,mrs,gladys,hamilton,1951-08-14T18:08:52Z,67,(051)-377-2159
female,ms,ruby,mills,1948-08-24T14:39:03Z,70,(526)-097-1955
female,miss,tracey,george,1987-03-14T23:15:40Z,32,(668)-684-6451
male,mr,henry,shaw,1947-04-05T05:00:50Z,71,(465)-567-8973
male,mr,glen,sanders,1993-10-03T09:17:10Z,25,(092)-861-2723
female,ms,terra,may,1969-08-25T07:40:13Z,49,(496)-843-0417
female,mrs,daisy,rice,1951-02-13T03:52:10Z,68,(106)-191-4359
male,mr,dale,vasquez,1972-04-25T09:32:45Z,46,(868)-683-4675
female,mrs,kristen,henry,1974-05-14T12:40:47Z,44,(229)-348-0287
male,mr,wyatt,green,1966-10-16T22:49:22Z,52,(163)-659-9634
male,mr,theodore,soto,1956-03-25T16:41:29Z,62,(205)-346-4916
female,mrs,christine,riley,1947-05-10T21:34:03Z,71,(203)-587-4103
male,mr,milton,castillo,1971-03-06T13:22:30Z,48,(696)-953-9184
female,ms,colleen,lee,1978-07-25T10:26:06Z,40,(174)-814-4860
female,mrs,clara,jordan,1955-03-03T22:45:58Z,64,(649)-539-4174
male,mr,allen,diaz,1956-12-13T09:57:46Z,62,(480)-152-3994
male,mr,dwayne,alexander,1983-01-04T18:16:13Z,36,(944)-066-5516
female,mrs,billie,chambers,1996-12-14T12:10:27Z,22,(569)-109-6648
female,ms,zoey,perkins,1980-09-16T19:31:58Z,38,(917)-104-2059
male,mr,greg,ferguson,1958-09-28T11:39:13Z,60,(427)-861-6618
female,miss,nina,black,1981-05-09T06:19:06Z,37,(065)-234-0703
female,mrs,ida,knight,1983-09-15T22:07:32Z,35,(608)-517-5147
female,miss,heidi,burton,1960-04-23T20:37:35Z,58,(421)-269-5183
female,miss,carla,harvey,1949-08-24T05:45:11Z,69,(191)-053-2300
male,mr,enrique,vargas,1997-03-24T06:23:13Z,22,(420)-214-6165
female,mrs,sheila,lucas,1944-12-11T08:57:39Z,74,(549)-117-7285
female,mrs,tina,walker,1956-09-09T06:15:02Z,62,(675)-496-1818
male,mr,tomothy,fernandez,1958-07-17T23:59:02Z,60,(840)-924-8335
male,mr,jeremy,watson,1947-09-16T01:52:27Z,71,(414)-245-8929
male,mr,charlie,fox,1955-07-26T06:18:56Z,63,(763)-972-1488
female,mrs,andrea,adams,1994-11-30T22:36:58Z,24,(809)-634-0753
female,miss,lena,gonzalez,1988-03-08T04:21:34Z,31,(578)-206-7903
female,ms,marie,reid,1974-09-07T21:42:57Z,44,(321)-122-0918
female,ms,yvonne,arnold,1972-07-16T02:09:12Z,46,(055)-939-4016
male,mr,vincent,carlson,1979-04-13T10:47:33Z,39,(344)-451-8563
male,mr,ritthy,black,1975-12-08T14:55:26Z,43,(240)-122-9249
male,mr,justin,stevens,1988-08-24T17:00:40Z,30,(674)-915-5513
male,mr,dylan,jordan,1962-08-10T11:28:15Z,56,(341)-513-0109
male,mr,donald,murphy,1992-08-25T14:24:37Z,26,(924)-886-9610
female,ms,toni,henry,1981-07-13T20:23:25Z,37,(114)-498-9630
male,mr,jeremiah,horton,1968-10-09T02:10:22Z,50,(352)-840-5687
female,mrs,susan,meyer,1982-08-07T19:55:20Z,36,(476)-229-4884
female,mrs,herminia,dixon,1957-10-22T04:52:02Z,61,(079)-630-3362
female,mrs,sarah,hawkins,1976-07-22T15:07:11Z,42,(068)-566-4198
male,mr,max,jimenez,1988-07-19T18:00:55Z,30,(322)-681-6883
female,mrs,carmen,beck,1982-05-26T23:13:39Z,36,(774)-560-0519
male,mr,dylan,hayes,1949-08-05T02:47:19Z,69,(846)-194-3113
female,miss,lisa,watson,1971-03-23T03:39:43Z,48,(782)-234-8549
male,mr,arthur,barrett,1959-01-26T04:18:54Z,60,(161)-615-3556
male,mr,tristan,nichols,1945-05-18T15:07:00Z,73,(113)-079-4078
male,mr,roberto,burton,1946-11-08T17:43:52Z,72,(108)-550-0962
female,miss,zoe,terry,1987-09-11T23:32:12Z,31,(860)-171-4516
male,mr,jeffery,nguyen,1976-04-15T13:52:07Z,42,(741)-711-1715
female,mrs,tracy,morrison,1987-11-18T08:13:22Z,31,(764)-766-1410
female,ms,valerie,howard,1956-10-14T15:12:44Z,62,(595)-678-1224
female,mrs,alice,romero,1964-04-30T18:18:01Z,54,(279)-312-4576
female,miss,bertha,butler,1957-02-28T20:47:07Z,62,(541)-117-0248
female,ms,lorraine,barrett,1989-10-11T20:22:42Z,29,(497)-455-8058
male,mr,logan,larson,1948-01-14T08:39:01Z,71,(604)-803-8793
male,mr,ian,stephens,1989-04-27T15:41:34Z,29,(956)-983-3247
female,mrs,carrie,black,1945-09-27T01:13:35Z,73,(696)-328-0665
male,mr,roland,peters,1945-02-25T14:28:37Z,74,(583)-391-2114
male,mr,fernando,medina,1994-12-05T16:36:50Z,24,(069)-235-7741
female,ms,jacqueline,stewart,1968-03-10T22:38:51Z,51,(177)-403-2486
male,mr,justin,rogers,1988-01-31T03:33:11Z,31,(348)-697-9562
male,mr,claude,ryan,1981-04-21T19:13:58Z,37,(197)-242-4990
female,ms,felicia,allen,1990-08-05T22:29:19Z,28,(357)-655-9438
male,mr,norman,curtis,1986-04-02T11:24:07Z,32,(433)-847-1029
male,mr,kelly,gutierrez,1993-07-06T12:07:36Z,25,(928)-564-0131
female,ms,kristen,richards,1959-10-07T15:47:08Z,59,(825)-303-1788
male,mr,dale,rogers,1985-06-15T21:59:44Z,33,(950)-428-1465
female,ms,hailey,reynolds,1966-01-18T19:00:03Z,53,(673)-218-9204
female,miss,kathryn,richardson,1976-10-14T04:26:31Z,42,(014)-914-4909
male,mr,cecil,soto,1981-03-21T21:23:38Z,38,(705)-072-6912
female,ms,kitty,mcdonalid,1995-04-08T06:06:50Z,23,(398)-945-2101
female,ms,sherry,hanson,1974-03-16T18:04:12Z,45,(211)-280-7776
female,mrs,lori,lowe,1963-04-12T20:49:06Z,55,(448)-406-0482
male,mr,troy,jones,1949-03-12T01:13:14Z,70,(715)-925-0256
female,mrs,ellen,west,1962-04-24T16:20:48Z,56,(822)-544-7199
male,mr,bradley,welch,1985-04-12T11:54:13Z,33,(013)-230-8352
female,mrs,katie,ray,1964-11-27T14:14:59Z,54,(985)-355-4917
female,ms,nevaeh,spencer,1973-02-13T07:37:51Z,46,(830)-345-4232
female,mrs,linda,may,1996-08-05T20:43:50Z,22,(933)-767-4949
male,mr,derrick,steward,1990-09-26T16:24:37Z,28,(300)-563-0329
male,mr,aaron,walters,1995-07-18T07:39:50Z,23,(803)-418-6545
male,mr,edgar,banks,1969-11-30T14:09:33Z,49,(167)-680-6476
male,mr,leonard,price,1963-04-02T20:33:15Z,55,(247)-990-8524
female,miss,marilyn,smith,1988-03-12T04:09:33Z,31,(793)-446-0432
female,ms,vicki,kim,1966-04-07T22:03:16Z,52,(547)-578-1180
male,mr,dwight,byrd,1986-11-01T09:45:00Z,32,(671)-762-3902
male,mr,pat,jennings,1986-05-30T13:31:38Z,32,(040)-022-5473
female,miss,connie,lucas,1980-12-15T15:47:27Z,38,(313)-370-8487
male,mr,raymond,silva,1952-11-16T01:09:40Z,66,(556)-781-0276
male,mr,daryl,wright,1967-11-29T00:40:13Z,51,(236)-639-5350
female,miss,martha,peck,1950-08-23T05:23:09Z,68,(078)-063-2935
male,mr,allen,lowe,1955-11-25T01:58:27Z,63,(253)-204-3081
male,mr,leon,hunter,1959-06-28T07:57:50Z,59,(863)-803-7668
male,mr,lucas,edwards,1954-10-20T13:59:15Z,64,(195)-908-6413
female,ms,eleanor,ellis,1955-12-22T11:07:21Z,63,(956)-308-0966
male,mr,brett,austin,1968-03-12T08:26:28Z,51,(563)-858-1310
male,mr,maurice,murphy,1988-07-21T09:15:20Z,30,(370)-741-4401
female,ms,irene,ruiz,1954-04-26T14:10:47Z,64,(600)-057-3522
female,mrs,alexa,chapman,1985-03-30T06:53:19Z,33,(939)-293-9251
female,ms,noelle,henderson,1950-10-01T10:55:08Z,68,(522)-633-8417
female,ms,sue,morales,1972-04-29T20:17:05Z,46,(421)-059-0881
female,ms,katrina,shaw,1976-10-18T18:36:39Z,42,(019)-389-1944
female,ms,terra,kelly,1974-01-19T13:29:07Z,45,(172)-259-8121
male,mr,dwight,franklin,1955-08-05T01:00:37Z,63,(015)-769-1713
male,mr,wade,fox,1990-03-04T12:31:43Z,29,(982)-325-2667
male,mr,angel,richardson,1995-03-19T23:00:18Z,24,(615)-990-0361
male,mr,ricky,hill,1987-10-29T17:31:53Z,31,(063)-354-1432
male,mr,jerry,foster,1946-10-24T03:51:05Z,72,(006)-299-2190
male,mr,enrique,reyes,1981-08-30T19:56:37Z,37,(271)-562-0050
male,mr,wayne,daniels,1953-05-24T00:38:32Z,65,(386)-036-5906
female,mrs,carla,ray,1970-07-18T04:07:31Z,48,(910)-697-2710
male,mr,keith,stevens,1972-12-04T13:21:22Z,46,(392)-112-2493
female,ms,jessie,burton,1994-12-26T01:35:41Z,24,(189)-839-7610
male,mr,thomas,oliver,1982-09-25T13:49:33Z,36,(037)-703-5383
female,mrs,lena,alvarez,1955-12-28T03:47:41Z,63,(519)-089-1439
female,mrs,grace,chapman,1949-05-08T03:59:19Z,69,(785)-153-4069
male,mr,floyd,carr,1988-09-13T14:39:30Z,30,(889)-733-7237
male,mr,gordon,montgomery,1952-04-20T21:58:16Z,66,(814)-275-5841
male,mr,ray,miller,1983-03-27T10:16:24Z,35,(808)-498-7573
male,mr,edward,hopkins,1954-10-22T20:24:36Z,64,(859)-056-6027
female,mrs,annie,franklin,1980-02-03T11:59:13Z,39,(911)-290-7247
female,mrs,ava,lambert,1959-11-20T03:07:30Z,59,(071)-473-3702
male,mr,samuel,horton,1959-09-28T06:39:18Z,59,(281)-729-8608
male,mr,rick,hunter,1958-12-08T12:32:19Z,60,(416)-019-3967
female,ms,melanie,jimenez,1979-05-12T23:23:16Z,39,(365)-414-7475
male,mr,morris,holmes,1975-01-23T16:11:10Z,44,(345)-299-9214
male,mr,dale,carter,1990-04-14T00:22:12Z,28,(080)-387-0729
female,ms,aubree,kelly,1978-01-11T07:45:09Z,41,(169)-748-3517
female,ms,lesa,king,1975-07-09T23:56:54Z,43,(229)-496-7928
male,mr,randall,jimenez,1960-04-03T11:00:28Z,58,(158)-262-0890
female,mrs,andrea,ray,1958-12-27T04:39:21Z,60,(949)-752-4850
female,mrs,candice,willis,1974-11-16T03:04:05Z,44,(129)-773-6332
male,mr,tristan,hughes,1968-07-03T18:15:32Z,50,(947)-771-2071
male,mr,jared,prescott,1993-12-22T03:21:36Z,25,(995)-041-6732
female,mrs,felecia,davis,1960-10-03T16:35:16Z,58,(819)-384-6419
male,mr,ian,brooks,1958-08-29T03:18:31Z,60,(633)-446-8898
male,mr,michael,fernandez,1951-12-15T02:45:17Z,67,(057)-040-6860
male,mr,norman,hernandez,1950-04-27T15:24:27Z,68,(221)-055-1229
male,mr,ben,bryant,1976-08-01T04:34:37Z,42,(555)-005-4840
male,mr,tommy,owens,1963-10-29T01:29:04Z,55,(995)-249-8133
male,mr,ben,johnston,1951-05-20T02:48:08Z,67,(485)-223-8806
female,mrs,lucille,rivera,1976-05-10T09:09:49Z,42,(784)-270-4888
male,mr,ronald,coleman,1985-12-29T20:45:38Z,33,(720)-830-1666
male,mr,gregory,reyes,1989-05-19T18:54:17Z,29,(213)-942-3755
female,mrs,anna,silva,1962-07-18T03:17:44Z,56,(794)-208-5189
female,ms,brandie,steward,1989-09-04T12:23:06Z,29,(673)-246-1672
female,ms,michele,russell,1980-12-08T14:54:35Z,38,(821)-214-7532
male,mr,perry,coleman,1981-12-27T10:18:26Z,37,(876)-498-5761
male,mr,enrique,peters,1974-03-22T16:39:09Z,45,(383)-488-0685
male,mr,francis,jones,1963-07-02T23:59:53Z,55,(112)-443-9875
female,miss,elsie,castro,1960-01-28T03:41:07Z,59,(843)-311-3128
female,miss,lori,black,1966-02-09T22:23:33Z,53,(676)-126-1918
male,mr,melvin,morgan,1945-08-23T20:13:25Z,73,(447)-595-1391
female,mrs,joy,shaw,1976-07-11T10:18:18Z,42,(900)-129-7361
male,mr,benjamin,nguyen,1945-04-04T20:45:37Z,73,(976)-337-6078
male,mr,devon,hansen,1989-02-27T11:37:48Z,30,(786)-318-0761
female,miss,stephanie,watkins,1985-08-31T12:34:13Z,33,(957)-901-1106
female,mrs,mabel,chavez,1966-09-11T04:24:55Z,52,(279)-548-5033
female,ms,olivia,lawrence,1953-02-25T09:31:53Z,66,(596)-729-6920
female,miss,nora,russell,1961-11-23T22:03:20Z,57,(128)-484-5137
female,ms,julia,mendoza,1991-08-04T23:36:29Z,27,(394)-710-3661
female,mrs,linda,lopez,1969-12-20T07:16:52Z,49,(412)-423-9663
male,mr,herman,weaver,1944-11-01T06:11:00Z,74,(109)-207-7072
male,mr,claude,murray,1961-02-08T16:26:27Z,58,(497)-847-5458
female,ms,kathryn,henry,1995-11-26T05:08:49Z,23,(914)-417-4616
female,miss,shannon,brooks,1952-11-12T18:20:55Z,66,(471)-734-6860
male,mr,lee,hudson,1981-04-01T19:43:28Z,37,(232)-112-6198
male,mr,jerome,rodriquez,1965-07-13T07:15:49Z,53,(599)-739-2349
female,ms,katie,harper,1976-12-30T17:32:57Z,42,(520)-908-5327
female,mrs,lillian,ellis,1958-06-29T04:57:44Z,60,(884)-228-5522
female,mrs,kathryn,craig,1963-06-20T21:39:08Z,55,(472)-994-8664
male,mr,hugh,bowman,1987-12-06T23:45:47Z,31,(224)-152-9645
female,ms,lesa,lee,1957-01-25T13:33:07Z,62,(812)-990-8058
male,mr,erik,hall,1994-08-04T10:17:09Z,24,(187)-860-9764
female,ms,paula,nelson,1956-11-20T07:55:06Z,62,(666)-261-2919
female,mrs,lillian,wheeler,1978-04-01T14:09:06Z,40,(834)-946-1688
female,ms,jessie,hawkins,1967-06-05T04:55:14Z,51,(774)-926-7153
female,miss,arianna,bell,1950-07-22T22:58:15Z,68,(322)-087-7467
male,mr,randall,simmons,1994-11-13T19:02:17Z,24,(925)-883-1856
female,ms,june,collins,1973-12-08T03:37:52Z,45,(691)-498-8279
female,miss,nellie,alvarez,1984-08-13T14:13:51Z,34,(818)-003-6091
female,miss,genesis,stanley,1972-06-22T14:58:26Z,46,(794)-248-6610
male,mr,albert,cook,1988-12-17T04:14:36Z,30,(238)-199-3440
male,mr,flenn,williamson,1976-11-16T16:28:05Z,42,(131)-488-5620
female,miss,shelly,vasquez,1973-06-16T20:00:49Z,45,(165)-494-5358
male,mr,henry,hart,1981-07-25T03:53:39Z,37,(725)-053-8556
female,ms,kay,watts,1949-01-21T17:30:14Z,70,(965)-212-9949
male,mr,jeremy,murphy,1955-04-16T06:14:15Z,63,(926)-838-3598
female,miss,april,lucas,1963-01-02T21:15:12Z,56,(442)-836-9905
female,miss,alma,robertson,1969-08-09T08:01:48Z,49,(210)-967-9973
male,mr,joe,allen,1967-12-05T02:44:18Z,51,(372)-372-5088
female,ms,gail,hopkins,1954-09-26T07:01:18Z,64,(880)-881-7146
female,miss,christine,kelly,1949-06-24T22:02:45Z,69,(712)-429-5097
male,mr,ted,nichols,1958-07-28T05:20:49Z,60,(094)-333-1675
female,ms,deanna,frazier,1975-04-15T13:15:06Z,43,(677)-321-1361
male,mr,terrence,coleman,1973-06-26T21:14:00Z,45,(919)-390-4268
female,ms,sally,hopkins,1947-07-03T00:52:44Z,71,(927)-582-7369
female,mrs,theresa,romero,1986-07-03T06:08:48Z,32,(993)-256-0375
female,miss,claudia,matthews,1954-12-04T05:13:22Z,64,(303)-466-1947
female,miss,rosa,hayes,1947-04-16T09:29:25Z,71,(512)-538-9920
female,miss,beth,turner,1954-01-09T04:21:02Z,65,(617)-237-4074
female,mrs,melanie,steward,1961-12-09T22:32:01Z,57,(801)-726-4777
male,mr,devon,hamilton,1985-05-26T05:29:34Z,33,(875)-426-4091
male,mr,jeffery,hunt,1988-04-25T08:16:17Z,30,(899)-479-2066
male,mr,pat,little,1948-05-19T16:42:47Z,70,(809)-445-7768
male,mr,marshall,medina,1982-05-28T12:07:37Z,36,(130)-995-7937
male,mr,gene,hoffman,1966-09-05T05:20:22Z,52,(232)-628-5946
male,mr,david,harper,1978-04-05T10:04:53Z,40,(547)-826-5756
male,mr,carlos,stephens,1988-05-21T14:56:41Z,30,(453)-142-4250
female,ms,gwendolyn,mccoy,1955-12-19T18:41:15Z,63,(826)-222-4263
female,mrs,louise,lawrence,1944-10-01T10:48:50Z,74,(656)-054-4341
female,mrs,andrea,flores,1955-08-27T05:11:04Z,63,(534)-316-5014
female,miss,camila,butler,1966-02-15T07:45:41Z,53,(742)-200-8580
male,mr,john,parker,1957-03-28T06:43:11Z,61,(595)-493-0563
female,ms,courtney,henderson,1993-10-19T07:15:46Z,25,(581)-737-1056
male,mr,george,lynch,1958-05-13T07:59:49Z,60,(573)-051-4423
male,mr,christopher,taylor,1963-06-28T10:25:42Z,55,(528)-847-1590
male,mr,derek,young,1947-07-08T11:38:34Z,71,(993)-523-0778
female,miss,marian,peterson,1992-02-28T05:35:42Z,27,(427)-589-5848
male,mr,willard,ward,1985-01-14T03:30:40Z,34,(973)-768-0255
female,mrs,lena,miller,1962-06-20T14:11:33Z,56,(367)-021-8017
male,mr,jack,hamilton,1974-10-10T04:12:34Z,44,(249)-264-0837
female,miss,sherri,snyder,1972-06-19T02:40:31Z,46,(134)-799-8108
male,mr,harry,burns,1994-01-29T00:29:57Z,25,(059)-023-6857
female,ms,jacqueline,ryan,1970-07-21T23:10:02Z,48,(507)-400-6036
male,mr,bill,sims,1974-01-17T21:35:27Z,45,(699)-761-3283
female,ms,vera,kelley,1960-09-10T07:44:51Z,58,(445)-392-4054
female,mrs,sally,parker,1990-10-07T10:08:07Z,28,(494)-270-1356
male,mr,tracy,lynch,1988-02-20T23:03:45Z,31,(869)-495-1927
female,mrs,bertha,sullivan,1970-10-21T13:02:52Z,48,(389)-936-3129
male,mr,barry,kuhn,1983-08-15T11:15:27Z,35,(553)-855-2618
female,miss,darlene,gregory,1948-12-31T09:13:29Z,70,(187)-907-4180
male,mr,andrew,kelley,1961-08-20T19:47:52Z,57,(793)-352-6832
male,mr,brent,steward,1961-08-25T17:54:46Z,57,(548)-324-2010
female,ms,jeanne,stanley,1989-02-16T13:33:31Z,30,(096)-377-1817
male,mr,erik,phillips,1953-03-05T08:03:51Z,66,(279)-677-4202
female,mrs,kathryn,vargas,1966-09-21T20:01:37Z,52,(074)-329-3355
male,mr,roger,wright,1973-09-19T17:59:04Z,45,(358)-043-2396
male,mr,fred,jackson,1993-08-04T21:39:50Z,25,(215)-914-0741
female,miss,michelle,garrett,1954-04-26T06:15:59Z,64,(887)-040-3257
male,mr,darryl,castro,1994-08-12T22:55:19Z,24,(778)-080-9493
female,mrs,bonnie,hill,1960-03-12T15:36:27Z,59,(169)-248-8440
male,mr,enrique,richardson,1990-09-20T19:12:20Z,28,(707)-089-6445
male,mr,theodore,little,1952-03-08T14:54:45Z,67,(556)-237-2594
female,mrs,gladys,bell,1966-01-11T08:53:20Z,53,(509)-728-9545
female,mrs,jackie,martinez,1970-06-14T22:27:24Z,48,(070)-336-4122
male,mr,scott,morales,1975-12-21T02:07:52Z,43,(533)-846-2586
female,ms,cherly,henry,1968-03-08T02:15:18Z,51,(577)-563-1231
male,mr,chad,rice,1989-09-24T06:44:19Z,29,(905)-944-5929
male,mr,jacob,dixon,1956-01-31T05:09:59Z,63,(725)-987-0631
male,mr,paul,reid,1961-08-10T01:56:30Z,57,(842)-344-0799
male,mr,eric,thompson,1959-08-24T18:44:01Z,59,(509)-558-6424
male,mr,bill,williams,1977-09-01T15:04:29Z,41,(583)-294-9586
male,mr,herbert,gordon,1991-03-31T17:51:52Z,27,(864)-145-3081
female,miss,jacqueline,thompson,1972-10-26T09:59:52Z,46,(815)-171-3354
male,mr,jimmy,lawrence,1945-07-22T10:37:50Z,73,(422)-539-9044
female,mrs,shelly,baker,1953-05-13T22:33:07Z,65,(978)-265-5839
female,ms,rebecca,garcia,1974-09-21T05:31:11Z,44,(737)-987-7783
female,ms,roberta,rose,1963-12-26T01:17:34Z,55,(506)-837-8105
male,mr,jared,peck,1955-08-20T08:10:45Z,63,(920)-038-2949
male,mr,alexander,olson,1965-11-02T03:04:49Z,53,(029)-230-3964
male,mr,steve,butler,1979-02-25T11:53:10Z,40,(527)-223-7097
male,mr,same,rogers,1969-08-15T00:27:35Z,49,(501)-041-3101
male,mr,isaiah,watkins,1949-01-29T21:04:09Z,70,(335)-633-1680
female,mrs,bernice,castro,1968-12-01T20:04:15Z,50,(929)-498-4523
female,miss,renee,black,1979-07-20T21:39:01Z,39,(652)-442-3881
female,ms,elizabeth,byrd,1992-02-04T05:58:10Z,27,(477)-435-3837
male,mr,lloyd,ferguson,1961-08-10T19:58:49Z,57,(769)-961-1091
female,ms,rosemary,lynch,1987-03-11T05:03:35Z,32,(331)-919-9554
male,mr,bob,miles,1964-02-21T21:43:45Z,55,(497)-257-5997
female,ms,priscilla,romero,1944-12-15T03:09:12Z,74,(129)-059-6049
male,mr,neil,franklin,1989-12-19T14:33:08Z,29,(407)-125-1265
male,mr,pat,harris,1983-09-20T15:23:04Z,35,(856)-504-4720
male,mr,ivan,herrera,1960-01-30T18:11:27Z,59,(993)-430-5574
male,mr,kyle,mccoy,1990-01-20T23:29:33Z,29,(672)-161-0274
male,mr,henry,coleman,1966-02-28T20:05:12Z,53,(765)-089-8520
female,miss,josephine,watts,1950-12-05T12:44:35Z,68,(117)-043-6341
male,mr,randall,gibson,1981-07-17T12:22:43Z,37,(398)-289-7962
male,mr,shawn,collins,1965-08-24T21:37:57Z,53,(730)-433-7659
female,mrs,hazel,elliott,1974-11-02T18:47:50Z,44,(262)-522-4721
female,ms,jackie,jenkins,1949-12-19T17:22:21Z,69,(486)-069-8311
female,miss,leta,burton,1962-10-31T21:13:17Z,56,(703)-731-7523
male,mr,mason,flores,1986-11-19T07:13:27Z,32,(961)-243-9754
female,ms,sandra,martinez,1990-10-27T12:46:26Z,28,(092)-189-3469
male,mr,andrew,anderson,1964-02-22T03:16:04Z,55,(011)-872-9004
male,mr,guy,kennedy,1970-05-14T20:24:14Z,48,(969)-025-5171
male,mr,wyatt,gibson,1963-07-31T07:27:09Z,55,(064)-676-9528
male,mr,isaiah,richardson,1963-06-16T15:03:15Z,55,(878)-728-4745
female,miss,sheila,coleman,1980-04-05T19:46:09Z,38,(676)-530-5008
female,mrs,lydia,robertson,1971-12-09T03:26:38Z,47,(254)-437-9806
male,mr,jack,hoffman,1956-01-29T08:45:31Z,63,(600)-122-7961
female,mrs,stacy,morrison,1974-07-09T17:10:09Z,44,(734)-455-6610
female,mrs,mabel,payne,1975-01-02T19:14:08Z,44,(816)-693-9698
male,mr,don,reid,1954-01-26T08:17:28Z,65,(908)-519-4173
female,miss,eva,wagner,1978-08-16T02:30:51Z,40,(158)-323-4943
male,mr,roberto,white,1994-08-09T11:11:20Z,24,(180)-735-2234
male,mr,roberto,sanders,1966-01-23T04:08:18Z,53,(157)-185-2921
female,mrs,joyce,reed,1986-05-09T04:17:21Z,32,(680)-048-1704
male,mr,guy,webb,1945-07-05T13:41:35Z,73,(594)-125-9755
male,mr,miguel,mckinney,1970-09-21T11:21:48Z,48,(261)-639-6629
male,mr,sean,gonzalez,1981-08-23T20:18:18Z,37,(088)-029-3951
male,mr,enrique,stanley,1990-06-30T11:22:57Z,28,(506)-466-9718
female,mrs,sheila,wagner,1964-02-07T04:23:21Z,55,(682)-653-3394
male,mr,alexander,duncan,1958-07-01T19:00:08Z,60,(135)-250-4609
female,miss,margie,frazier,1984-01-13T08:13:04Z,35,(965)-836-2773
male,mr,derrick,burns,1990-04-09T05:41:49Z,28,(834)-217-1040
female,ms,joy,graves,1986-04-27T19:20:43Z,32,(278)-712-3067
female,ms,allison,robertson,1996-02-14T23:20:59Z,23,(038)-636-2814
female,ms,zoe,myers,1972-01-08T23:06:01Z,47,(112)-976-4334
female,mrs,mia,powell,1968-12-17T02:53:08Z,50,(037)-366-7458
female,mrs,tonya,thompson,1993-05-31T18:01:29Z,25,(258)-514-3114
male,mr,francisco,warren,1972-08-15T11:51:28Z,46,(399)-187-8065
male,mr,craig,mcdonalid,1987-10-05T23:38:12Z,31,(903)-984-9227
female,mrs,suzanne,cooper,1993-02-18T16:14:52Z,26,(218)-082-5728
female,miss,michelle,rice,1946-07-07T22:19:14Z,72,(493)-457-0493
male,mr,lloyd,hicks,1978-08-26T03:03:59Z,40,(306)-354-1001
male,mr,david,alexander,1981-12-03T03:33:02Z,37,(828)-864-3690
male,mr,johnny,kelly,1966-09-03T21:45:30Z,52,(692)-990-0409
female,miss,bernice,sutton,1996-11-07T01:03:56Z,22,(653)-716-0203
female,miss,amy,hale,1949-07-31T00:42:28Z,69,(557)-930-4736
male,mr,lawrence,andrews,1991-02-22T19:12:28Z,28,(519)-573-1789
female,mrs,sofia,johnston,1988-11-10T03:40:11Z,30,(851)-944-6032
female,miss,claudia,pena,1986-09-25T17:13:40Z,32,(233)-588-8743
male,mr,bruce,harvey,1984-02-07T08:54:11Z,35,(422)-764-3260
female,miss,toni,olson,1976-04-25T03:05:55Z,42,(268)-895-5507
male,mr,eugene,franklin,1987-12-09T23:07:33Z,31,(970)-446-0121
female,mrs,maxine,chapman,1950-09-09T16:40:24Z,68,(517)-539-9453
male,mr,tracy,palmer,1963-08-14T23:04:58Z,55,(511)-598-5753
female,ms,ramona,ramos,1986-02-20T11:14:05Z,33,(315)-195-3659
male,mr,mario,wells,1967-04-18T11:05:00Z,51,(079)-291-1451
female,miss,yvonne,scott,1994-12-08T17:07:46Z,24,(088)-173-1603
male,mr,eddie,castro,1964-04-11T16:13:12Z,54,(397)-699-3318
female,miss,kenzi,hudson,1996-09-22T08:44:48Z,22,(562)-726-0246
female,miss,wilma,burke,1983-01-11T11:09:44Z,36,(598)-740-8606
male,mr,dennis,pena,1991-07-03T06:04:49Z,27,(975)-214-3815
male,mr,randall,harris,1969-10-02T05:59:43Z,49,(901)-295-7833
male,mr,angel,roberts,1987-06-29T14:10:51Z,31,(642)-302-5487
female,mrs,erica,tucker,1960-10-20T12:10:29Z,58,(427)-010-9839
female,ms,katherine,gonzales,1949-05-26T11:03:51Z,69,(355)-412-1372
male,mr,robert,campbell,1977-10-01T12:59:05Z,41,(047)-925-0040
male,mr,zachary,gibson,1965-08-04T07:22:09Z,53,(353)-480-7911
female,ms,katherine,wright,1969-04-13T19:25:51Z,49,(494)-866-4082
male,mr,johnni,tucker,1982-05-09T08:51:58Z,36,(367)-417-3146
male,mr,micheal,hoffman,1990-10-19T07:44:47Z,28,(519)-766-6275
female,ms,robin,welch,1952-01-03T22:07:20Z,67,(111)-358-9639
male,mr,daryl,james,1972-10-07T15:13:04Z,46,(729)-990-8935
male,mr,ricky,hopkins,1962-02-04T22:16:41Z,57,(088)-610-3286
female,mrs,sarah,fernandez,1967-09-08T04:29:09Z,51,(264)-618-9421
male,mr,aiden,scott,1994-07-06T12:37:14Z,24,(300)-386-5761
female,ms,daisy,porter,1991-08-13T22:10:44Z,27,(264)-829-8537
male,mr,gary,george,1959-08-30T02:28:18Z,59,(833)-641-4781
male,mr,phillip,simmons,1961-02-27T14:33:01Z,58,(124)-903-1714
female,miss,bonnie,gordon,1989-12-14T16:37:21Z,29,(426)-690-6974
female,mrs,harper,lynch,1978-11-13T02:44:37Z,40,(698)-976-6232
male,mr,clifford,curtis,1992-09-25T09:06:45Z,26,(321)-311-2600
female,miss,vicki,morgan,1986-01-21T05:30:50Z,33,(271)-915-9014
female,mrs,lena,hunter,1957-04-17T11:30:10Z,61,(456)-587-1403
male,mr,adrian,austin,1945-08-26T19:48:26Z,73,(917)-419-1396
male,mr,ricky,reed,1965-05-20T22:51:58Z,53,(293)-024-7708
female,mrs,dianne,horton,1982-01-04T05:57:16Z,37,(146)-823-2571
female,miss,bonnie,perez,1970-11-28T14:27:42Z,48,(232)-927-9690
male,mr,allan,arnold,1960-07-01T16:19:26Z,58,(351)-607-8562
female,ms,anna,reyes,1972-04-13T11:50:11Z,46,(026)-860-2824
female,mrs,connie,daniels,1961-05-10T00:27:16Z,57,(578)-289-3681
male,mr,ruben,george,1986-08-16T10:33:30Z,32,(127)-603-4916
female,ms,sally,beck,1954-03-15T07:26:24Z,65,(775)-852-9404
male,mr,henry,hawkins,1996-04-27T21:38:39Z,22,(029)-478-6850
male,mr,morris,rodriquez,1967-04-08T03:34:58Z,51,(151)-507-1172
male,mr,vernon,rice,1989-11-14T01:01:08Z,29,(379)-013-2193
male,mr,tracy,cox,1970-04-09T05:29:04Z,48,(924)-013-5844
male,mr,francisco,griffin,1945-07-18T12:16:18Z,73,(974)-137-3531
male,mr,alberto,horton,1955-12-18T09:55:03Z,63,(417)-250-5605
male,mr,harvey,griffin,1970-10-31T02:06:59Z,48,(831)-826-2429
female,miss,lois,kuhn,1977-02-13T21:58:43Z,42,(331)-261-7836
male,mr,derek,gray,1966-09-11T04:35:24Z,52,(442)-879-8307
female,ms,tracy,alvarez,1971-11-24T19:17:09Z,47,(077)-968-3607
female,mrs,linda,alexander,1973-01-25T13:01:52Z,46,(358)-080-6652
female,ms,sonia,terry,1987-11-23T11:47:01Z,31,(428)-143-2729
male,mr,marion,richardson,1951-12-02T01:32:14Z,67,(052)-136-9313
female,mrs,nevaeh,richardson,1988-09-01T13:41:30Z,30,(756)-343-2498
female,mrs,bessie,burns,1947-10-28T03:21:17Z,71,(324)-059-0982
male,mr,mason,brown,1953-11-23T22:16:35Z,65,(566)-903-3171
female,ms,olivia,parker,1960-02-13T09:20:12Z,59,(151)-019-2043
female,mrs,kathy,silva,1980-01-26T13:46:09Z,39,(901)-089-1436
female,miss,samantha,parker,1993-12-09T03:31:06Z,25,(459)-137-4560
female,miss,sue,brooks,1970-08-26T00:45:32Z,48,(430)-445-8195
male,mr,stephen,herrera,1991-09-28T21:33:51Z,27,(766)-518-3218
male,mr,dustin,lambert,1990-09-04T04:05:44Z,28,(649)-807-1070
female,miss,misty,curtis,1990-10-10T21:49:27Z,28,(661)-724-6205
male,mr,allan,barnett,1952-08-11T22:45:11Z,66,(284)-806-0188
female,ms,zoey,jenkins,1950-01-29T09:00:11Z,69,(966)-705-7672
female,ms,ramona,hart,1959-12-18T02:39:53Z,59,(366)-837-2226
male,mr,daryl,bell,1958-05-17T03:33:11Z,60,(950)-521-5518
male,mr,melvin,watkins,1972-03-18T10:44:18Z,47,(421)-222-1635
female,mrs,jacqueline,fuller,1993-12-29T23:30:52Z,25,(691)-644-4931
male,mr,peter,gilbert,1970-08-19T07:04:37Z,48,(766)-493-1887
female,ms,nevaeh,perry,1981-10-22T00:23:04Z,37,(852)-994-5119
male,mr,gilbert,foster,1953-11-29T02:07:54Z,65,(423)-203-0641
male,mr,jeremiah,shelton,1989-07-07T12:52:48Z,29,(010)-898-4410
female,ms,lydia,may,1991-09-11T10:07:34Z,27,(151)-953-0789
female,ms,felecia,hawkins,1965-04-30T07:37:17Z,53,(212)-864-3299
male,mr,clifton,vasquez,1975-03-18T14:13:03Z,44,(303)-880-9915
male,mr,andrew,castro,1962-06-28T14:16:47Z,56,(626)-129-1884
female,mrs,sue,hunter,1976-08-27T13:08:54Z,42,(865)-001-5962
female,ms,crystal,diaz,1946-08-04T15:01:00Z,72,(170)-979-8179
female,miss,caroline,moreno,1979-09-19T14:18:43Z,39,(409)-717-6473
male,mr,jimmie,johnson,1957-04-13T03:57:23Z,61,(390)-031-4123
female,miss,lori,chapman,1954-01-26T05:15:00Z,65,(203)-677-8115
male,mr,kirk,powell,1972-05-21T15:23:43Z,46,(964)-531-4615
female,ms,jane,ryan,1946-06-11T00:31:32Z,72,(596)-361-6674
female,mrs,marie,medina,1970-12-07T09:35:41Z,48,(973)-361-8493
female,ms,misty,coleman,1962-08-11T19:58:36Z,56,(031)-470-0283
female,mrs,audrey,simmons,1987-11-28T00:14:51Z,31,(650)-580-3454
female,miss,leslie,fernandez,1961-01-05T08:05:30Z,58,(580)-184-3684
female,ms,mae,murphy,1962-08-30T16:10:25Z,56,(764)-934-1859
female,miss,maureen,hawkins,1954-08-14T11:58:57Z,64,(222)-760-2634
female,miss,hazel,wheeler,1988-07-25T02:35:23Z,30,(006)-259-7829
male,mr,jeffery,powell,1990-01-23T07:05:57Z,29,(098)-166-5729
male,mr,eli,peterson,1955-01-23T23:35:45Z,64,(945)-768-5605
female,mrs,ella,ortiz,1964-01-06T03:07:42Z,55,(599)-625-9757
male,mr,bob,patterson,1959-01-17T10:49:13Z,60,(022)-418-0092
female,ms,katherine,fleming,1954-11-20T21:11:28Z,64,(857)-909-3329
male,mr,jim,turner,1967-08-21T09:43:45Z,51,(607)-146-4317
male,mr,frederick,bishop,1994-07-17T04:26:42Z,24,(312)-287-7029
male,mr,rafael,lucas,1972-03-03T23:48:38Z,47,(455)-224-8366
female,ms,letitia,tucker,1948-02-27T13:17:48Z,71,(975)-195-5971
male,mr,mason,mason,1988-11-14T17:29:09Z,30,(789)-615-0568
male,mr,stephen,knight,1959-07-15T22:13:01Z,59,(667)-957-0072
male,mr,kurt,ortiz,1958-11-12T17:56:48Z,60,(697)-834-4528
female,mrs,vicki,allen,1995-11-30T06:54:37Z,23,(776)-469-3958
female,mrs,brandie,dean,1963-05-21T03:08:24Z,55,(800)-446-6599
female,miss,kristina,webb,1961-11-01T06:47:54Z,57,(261)-838-7840
male,mr,jesus,edwards,1948-06-26T14:16:13Z,70,(519)-527-0214
male,mr,morris,matthews,1993-10-12T17:59:25Z,25,(075)-276-7316
male,mr,seth,wade,1954-07-08T21:24:28Z,64,(668)-756-4707
male,mr,sebastian,franklin,1978-12-20T19:15:34Z,40,(146)-275-0352
female,miss,shelly,dean,1950-08-16T20:26:54Z,68,(634)-333-1215
female,ms,lydia,lucas,1945-01-01T00:42:01Z,74,(305)-074-0340
female,ms,terri,franklin,1972-10-18T22:32:48Z,46,(158)-943-2799
female,miss,rebecca,rose,1964-10-09T20:37:45Z,54,(985)-111-8395
female,mrs,regina,lynch,1946-09-11T06:43:49Z,72,(782)-190-6600
male,mr,bradley,castro,1964-01-28T03:39:49Z,55,(658)-917-7321
male,mr,logan,warren,1951-07-02T14:40:46Z,67,(489)-989-9806
male,mr,ruben,watts,1949-05-27T07:22:25Z,69,(617)-280-4267
male,mr,bobby,fowler,1983-05-30T00:34:48Z,35,(972)-126-6493
male,mr,gordon,henderson,1945-08-29T06:42:51Z,73,(474)-678-4108
male,mr,judd,thomas,1946-03-06T19:06:29Z,73,(819)-855-7769
male,mr,jack,pena,1964-09-27T19:33:56Z,54,(725)-890-6596
female,miss,rosa,mitchell,1970-09-29T16:54:53Z,48,(864)-100-2737
female,miss,kathy,newman,1975-08-30T08:32:40Z,43,(388)-862-3336
female,ms,nina,larson,1949-12-31T04:49:44Z,69,(355)-710-5765
female,miss,michele,hudson,1964-09-09T13:01:17Z,54,(793)-441-7547
female,ms,shelly,fowler,1963-05-23T11:24:08Z,55,(034)-181-5820
male,mr,noah,washington,1953-06-27T11:58:39Z,65,(434)-655-6553
male,mr,same,howell,1991-07-29T08:41:07Z,27,(413)-166-2896
female,mrs,jacqueline,rogers,1971-01-29T07:01:42Z,48,(019)-391-6151
female,ms,dianne,wood,1981-08-13T19:41:13Z,37,(107)-892-6499
female,ms,teresa,rodriguez,1955-01-17T20:01:28Z,64,(236)-306-1881
male,mr,alex,sims,1980-05-05T19:45:18Z,38,(759)-751-7011
male,mr,cody,lopez,1968-08-30T22:33:46Z,50,(569)-361-0025
female,mrs,joann,soto,1968-05-16T03:38:09Z,50,(168)-065-4676
female,mrs,mabel,campbell,1977-12-10T01:37:21Z,41,(746)-285-3604
female,mrs,tammy,simpson,1951-07-09T18:10:41Z,67,(039)-285-8350
male,mr,joel,nichols,1996-07-20T14:22:13Z,22,(614)-217-5881
male,mr,aaron,lynch,1996-06-11T08:42:45Z,22,(074)-847-8123
male,mr,karl,meyer,1991-03-02T14:57:53Z,28,(769)-396-7787
female,mrs,tanya,hopkins,1995-01-31T17:09:24Z,24,(266)-993-8347
female,ms,maureen,ross,1968-11-18T04:13:56Z,50,(705)-932-1206
male,mr,oscar,green,1951-04-06T19:52:10Z,67,(307)-038-6145
male,mr,cecil,myers,1960-01-06T18:02:39Z,59,(486)-532-7303
female,ms,charlotte,elliott,1966-07-29T06:44:54Z,52,(351)-144-0747
male,mr,ronald,harrison,1974-05-26T16:18:33Z,44,(282)-483-2731
female,mrs,debra,white,1974-07-10T21:33:07Z,44,(764)-691-9852
female,ms,darlene,douglas,1968-01-27T03:00:14Z,51,(119)-762-4340
male,mr,darryl,silva,1956-06-22T18:16:21Z,62,(945)-782-8067
male,mr,ethan,stephens,1969-10-29T14:07:14Z,49,(346)-269-7600
female,miss,genesis,newman,1988-08-28T02:41:21Z,30,(785)-727-7323
male,mr,bryan,terry,1975-05-05T00:57:29Z,43,(483)-874-0948
male,mr,dylan,ortiz,1979-01-21T13:27:03Z,40,(562)-273-7276
female,mrs,camila,washington,1978-07-26T14:39:19Z,40,(456)-984-1015
female,mrs,ella,porter,1987-08-09T05:23:54Z,31,(919)-247-2540
male,mr,dan,montgomery,1956-11-26T14:12:17Z,62,(930)-460-8649
female,ms,marlene,morrison,1995-08-27T15:54:33Z,23,(977)-409-4050
male,mr,francis,bell,1947-07-21T20:24:48Z,71,(011)-744-8696
female,mrs,stacy,gonzales,1980-10-11T19:51:57Z,38,(076)-981-9552
female,mrs,hazel,hawkins,1990-07-23T18:38:07Z,28,(016)-096-9001
male,mr,allan,morgan,1955-04-09T08:41:48Z,63,(554)-040-4996
female,miss,lynn,moreno,1996-09-20T00:20:28Z,22,(861)-394-8956
female,miss,mary,hughes,1975-02-21T11:18:41Z,44,(893)-986-8365
male,mr,martin,dunn,1964-07-23T01:24:21Z,54,(776)-295-8937
male,mr,duane,watson,1974-03-18T08:45:04Z,45,(089)-569-6332
female,miss,lena,boyd,1987-02-15T14:23:10Z,32,(580)-180-9204
male,mr,julian,gibson,1953-05-14T19:14:12Z,65,(646)-134-6217
male,mr,nicholas,burns,1969-02-21T02:22:58Z,50,(421)-365-3618
female,mrs,chloe,oliver,1969-10-14T21:36:00Z,49,(784)-769-1060
female,mrs,julie,morgan,1966-12-07T21:09:59Z,52,(086)-289-8122
male,mr,bob,robinson,1961-08-18T05:47:56Z,57,(168)-911-1384
female,miss,alicia,pearson,1958-07-15T10:44:42Z,60,(896)-974-4648
male,mr,jeff,fleming,1950-05-02T16:40:47Z,68,(453)-865-9159
female,mrs,cindy,burns,1949-04-09T07:43:59Z,69,(776)-252-1785
female,ms,jackie,cole,1946-07-27T02:01:12Z,72,(858)-015-8224
female,ms,brianna,morrison,1966-12-26T23:07:00Z,52,(879)-100-6504
female,miss,hazel,hoffman,1978-07-02T02:09:55Z,40,(068)-182-8084
male,mr,nathaniel,fox,1945-09-11T21:09:57Z,73,(184)-709-8065
male,mr,chester,steward,1978-06-04T13:21:37Z,40,(608)-821-1170
male,mr,eugene,anderson,1971-11-28T08:08:12Z,47,(725)-889-6359
female,miss,robin,hernandez,1974-10-02T20:39:54Z,44,(403)-357-2835
male,mr,derrick,jensen,1963-02-20T01:53:04Z,56,(731)-355-8453
female,miss,juanita,terry,1980-05-12T07:34:17Z,38,(959)-115-4313
male,mr,larry,graham,1966-09-06T22:44:00Z,52,(941)-358-6214
female,ms,veronica,gomez,1969-11-29T06:32:49Z,49,(986)-675-0462
male,mr,byron,crawford,1975-02-03T09:41:28Z,44,(828)-968-5002
female,miss,aubree,lawson,1956-03-26T17:31:05Z,62,(781)-260-4147
male,mr,alex,baker,1949-12-11T16:14:57Z,69,(075)-396-4171
male,mr,david,alvarez,1962-11-04T13:02:41Z,56,(292)-854-8801
male,mr,claude,hansen,1982-12-16T06:44:26Z,36,(466)-549-4389
male,mr,wayne,hunt,1967-08-05T15:55:23Z,51,(225)-710-5098
male,mr,corey,reynolds,1962-10-24T17:19:55Z,56,(680)-410-0013
female,mrs,connie,prescott,1978-06-13T14:50:11Z,40,(654)-749-8444
female,mrs,monica,mccoy,1994-07-09T00:28:03Z,24,(193)-518-7537
female,miss,aubree,cunningham,1963-06-26T09:39:06Z,55,(225)-988-3413
female,miss,alexa,bailey,1979-10-28T14:18:57Z,39,(449)-071-2374
female,ms,herminia,green,1951-07-19T07:50:35Z,67,(327)-009-6386
male,mr,francis,pierce,1971-06-25T12:36:01Z,47,(713)-350-8822
male,mr,alfred,cruz,1956-04-27T14:00:47Z,62,(070)-104-8173
male,mr,james,walker,1971-12-22T02:52:52Z,47,(668)-064-2206
female,mrs,hannah,chapman,1956-06-23T00:54:02Z,62,(233)-002-6098
male,mr,keith,williamson,1983-03-26T06:42:13Z,35,(506)-834-6590
male,mr,jayden,parker,1993-10-05T00:52:07Z,25,(181)-258-9581
male,mr,dwight,johnston,1957-04-02T05:01:03Z,61,(647)-872-7918
male,mr,barry,hansen,1957-05-26T10:45:03Z,61,(780)-547-0431
male,mr,javier,lawrence,1948-10-09T22:56:59Z,70,(606)-644-7845
male,mr,jar,thomas,1955-03-30T09:54:34Z,63,(568)-054-2436
female,miss,alicia,porter,1967-05-18T14:47:45Z,51,(156)-430-4858
male,mr,alvin,adams,1995-11-22T18:05:47Z,23,(204)-875-8557
female,mrs,erika,rivera,1979-04-18T21:45:44Z,39,(373)-209-5601
female,miss,charlotte,hudson,1961-10-02T13:12:19Z,57,(059)-093-3700
male,mr,eric,willis,1962-08-26T12:06:59Z,56,(887)-089-8089
female,ms,kylie,cox,1952-09-23T17:21:40Z,66,(067)-611-4924
female,mrs,kristin,mcdonalid,1947-05-28T21:08:10Z,71,(188)-727-7200
male,mr,craig,barnett,1973-10-11T08:48:30Z,45,(744)-527-1306
male,mr,victor,howard,1959-11-16T20:50:06Z,59,(376)-987-1103
male,mr,brian,montgomery,1975-11-22T11:44:34Z,43,(379)-089-0882
female,ms,amber,green,1945-02-07T06:40:37Z,74,(613)-815-5448
female,ms,herminia,campbell,1995-07-21T01:20:10Z,23,(915)-872-6896
male,mr,seth,fletcher,1953-08-11T09:17:52Z,65,(171)-628-9335
male,mr,charlie,harvey,1948-07-30T02:35:53Z,70,(911)-817-3873
female,miss,evelyn,robertson,1955-08-28T17:49:33Z,63,(986)-604-8774
female,ms,constance,roberts,1987-11-30T00:38:31Z,31,(678)-652-5592
female,ms,jennifer,barnes,1965-05-17T05:15:02Z,53,(730)-331-8784
male,mr,dan,douglas,1986-10-21T21:23:03Z,32,(413)-410-7396
female,mrs,lydia,day,1972-03-25T21:44:40Z,46,(110)-600-2125
male,mr,andy,miller,1971-10-04T03:21:44Z,47,(031)-610-3398
male,mr,norman,douglas,1974-11-17T14:19:23Z,44,(152)-834-4570
male,mr,shawn,barrett,1984-04-10T23:02:41Z,34,(938)-074-2924
male,mr,patrick,gray,1993-04-09T11:33:17Z,25,(793)-664-9775
female,ms,aubrey,hart,1955-11-06T11:59:50Z,63,(965)-201-7325
male,mr,jonathan,duncan,1945-11-09T23:55:04Z,73,(389)-363-6108
female,mrs,mae,price,1965-09-18T14:33:47Z,53,(767)-976-0988
male,mr,jeffery,riley,1973-08-15T05:03:40Z,45,(350)-978-1464
female,miss,edith,ruiz,1985-02-26T10:06:43Z,34,(527)-769-1483
male,mr,leroy,prescott,1958-06-14T17:02:56Z,60,(488)-437-7316
female,miss,aubrey,jones,1958-09-18T16:37:09Z,60,(864)-802-2323
female,miss,billie,wood,1969-03-01T18:24:04Z,50,(908)-679-2964
male,mr,oscar,stevens,1993-05-05T10:10:12Z,25,(227)-214-2778
male,mr,gabriel,weaver,1954-05-14T16:53:19Z,64,(479)-651-7981
male,mr,steven,long,1967-01-09T17:40:13Z,52,(634)-414-3902
male,mr,charles,simmmons,1980-08-03T06:22:01Z,38,(292)-678-0206
female,mrs,nevaeh,taylor,1974-12-31T10:26:45Z,44,(287)-977-7569
female,mrs,bella,wells,1986-12-08T19:08:26Z,32,(453)-400-7447
female,miss,phyllis,carroll,1948-11-07T04:27:30Z,70,(317)-193-9910
male,mr,jeff,cunningham,1989-05-12T15:33:10Z,29,(574)-636-4987
male,mr,virgil,holmes,1971-04-21T04:29:51Z,47,(858)-991-5621
male,mr,steve,bishop,1972-01-30T12:16:31Z,47,(173)-209-4517
female,ms,florence,terry,1994-12-23T23:57:44Z,24,(331)-257-4243
male,mr,roberto,perkins,1967-02-17T05:42:30Z,52,(122)-575-7423
female,ms,erika,george,1955-02-12T12:45:45Z,64,(397)-025-7756
female,miss,julia,edwards,1982-02-27T18:06:36Z,37,(257)-236-2279
male,mr,lucas,hanson,1956-02-05T04:28:15Z,63,(088)-207-5769
female,mrs,pamela,bell,1963-01-14T13:05:01Z,56,(487)-920-0022
male,mr,jason,caldwell,1967-10-11T06:30:01Z,51,(500)-418-8304
female,mrs,emma,robertson,1971-01-25T15:37:34Z,48,(512)-111-5320
female,ms,roberta,montgomery,1984-04-12T01:22:20Z,34,(291)-621-2036
male,mr,brayden,alvarez,1972-02-07T12:13:30Z,47,(393)-835-9526
male,mr,travis,hopkins,1985-01-09T19:10:40Z,34,(387)-147-4026
female,miss,sherry,hicks,1994-05-05T20:45:46Z,24,(865)-259-6462
female,ms,bessie,sanders,1975-10-05T07:50:45Z,43,(904)-445-8422
female,mrs,juanita,jimenez,1973-04-12T08:25:51Z,45,(815)-316-2563
female,miss,beverly,mendoza,1995-04-02T07:50:23Z,23,(246)-027-5841
male,mr,pat,franklin,1987-08-31T08:34:42Z,31,(268)-058-7490
female,ms,isabella,stephens,1953-06-29T00:14:41Z,65,(645)-632-3102
male,mr,herman,holmes,1988-01-20T21:41:25Z,31,(763)-888-7957
female,miss,bernice,palmer,1982-03-13T07:02:36Z,37,(777)-728-9834
female,ms,janet,knight,1946-04-18T03:19:15Z,72,(707)-576-6174
female,mrs,mary,gonzalez,1947-08-23T08:29:54Z,71,(210)-334-7687
female,miss,gwendolyn,hudson,1956-12-07T10:11:50Z,62,(144)-480-2899
female,ms,rosemary,foster,1994-12-22T09:11:30Z,24,(183)-119-2706
female,mrs,sherri,little,1959-08-15T00:12:29Z,59,(489)-287-0567
male,mr,brett,patterson,1991-05-26T13:14:03Z,27,(726)-596-5928
female,miss,gladys,bailey,1996-08-09T13:05:38Z,22,(855)-949-3321
male,mr,jared,ruiz,1988-01-09T01:18:42Z,31,(740)-725-5811
male,mr,arnold,burns,1969-11-12T16:31:51Z,49,(985)-296-7626
female,mrs,isobel,williams,1991-01-08T22:16:46Z,28,(464)-521-6402
male,mr,lucas,wade,1974-08-12T04:28:44Z,44,(473)-945-8221
male,mr,rene,jenkins,1945-11-15T22:21:36Z,73,(595)-168-4480
female,ms,meghan,arnold,1956-01-11T03:47:11Z,63,(661)-294-1869
female,miss,april,oliver,1952-03-18T09:18:30Z,67,(843)-478-7944
male,mr,derek,mason,1956-02-29T23:18:48Z,63,(747)-705-0742
female,miss,sherri,miller,1996-07-01T05:14:53Z,22,(470)-610-5638
male,mr,phillip,coleman,1970-05-22T14:44:19Z,48,(310)-118-0309
male,mr,daniel,graham,1974-07-27T04:05:04Z,44,(838)-033-8736
female,ms,ann,stephens,1970-09-30T05:02:45Z,48,(015)-433-8686
female,miss,alexa,nichols,1952-10-28T14:17:04Z,66,(533)-614-6302
female,mrs,sofia,fox,1954-02-26T05:44:23Z,65,(754)-970-6660
female,mrs,cassandra,reid,1986-04-19T06:23:29Z,32,(162)-378-6882
male,mr,craig,arnold,1992-03-18T10:24:31Z,27,(734)-418-0794
female,mrs,irma,rogers,1990-07-05T02:55:42Z,28,(753)-040-2519
female,miss,chloe,alexander,1984-03-17T04:00:00Z,35,(948)-250-3075
female,ms,layla,evans,1989-08-20T08:14:11Z,29,(014)-721-1513
male,mr,dean,berry,1968-01-30T17:09:49Z,51,(075)-623-5547
female,ms,loretta,butler,1956-01-27T13:25:16Z,63,(900)-677-2983
female,mrs,juanita,terry,1992-11-17T02:38:33Z,26,(407)-989-9148
male,mr,brian,cruz,1954-11-09T17:09:19Z,64,(448)-920-4678
female,miss,elsie,johnson,1961-12-20T06:57:44Z,57,(985)-753-6765
female,ms,christy,simmmons,1988-01-20T12:12:12Z,31,(115)-879-4277
female,miss,charlotte,stevens,1978-08-31T14:31:39Z,40,(866)-433-6628
female,miss,priscilla,carr,1984-04-27T07:58:47Z,34,(517)-956-0216
female,miss,ana,knight,1947-08-24T13:04:46Z,71,(175)-804-5792
male,mr,miguel,schmidt,1968-09-18T12:59:27Z,50,(345)-452-1708
male,mr,alvin,chambers,1945-10-18T11:11:54Z,73,(329)-925-3620
male,mr,edward,mendoza,1972-05-02T00:19:28Z,46,(907)-788-3900
female,miss,audrey,myers,1956-10-04T09:08:16Z,62,(158)-763-3818
male,mr,milton,gardner,1980-09-15T20:37:04Z,38,(366)-371-6621
male,mr,george,brewer,1950-12-24T00:15:38Z,68,(235)-111-1236
male,mr,cody,johnson,1993-05-11T01:04:29Z,25,(613)-990-9531
female,miss,myrtle,kennedy,1955-10-20T12:10:01Z,63,(019)-781-3793
male,mr,evan,craig,1982-02-23T15:42:40Z,37,(538)-078-6131
male,mr,seth,mccoy,1947-07-24T19:23:05Z,71,(540)-149-6443
male,mr,aaron,holmes,1981-01-22T16:18:13Z,38,(400)-261-1826
male,mr,hector,may,1982-07-14T04:02:49Z,36,(919)-885-0043
male,mr,seth,mendoza,1975-03-13T06:32:16Z,44,(499)-725-9352
male,mr,clinton,mckinney,1987-06-10T06:20:09Z,31,(603)-025-2372
male,mr,nelson,richardson,1948-07-11T20:14:33Z,70,(359)-354-3598
female,ms,brandie,flores,1963-12-13T20:13:00Z,55,(507)-241-1645
male,mr,warren,carpenter,1957-04-09T12:19:57Z,61,(245)-976-1059
male,mr,jimmie,fields,1961-03-28T12:53:59Z,57,(657)-696-1467
female,ms,anna,reid,1981-02-02T09:21:46Z,38,(699)-801-5990
female,ms,felecia,richardson,1978-08-04T06:30:13Z,40,(251)-345-5524
male,mr,gregory,collins,1951-07-28T05:01:19Z,67,(437)-959-3696
female,ms,diane,pena,1965-12-13T22:42:39Z,53,(097)-531-3716
male,mr,kevin,reynolds,1945-01-09T00:34:51Z,74,(507)-774-2839
male,mr,aaron,wallace,1955-08-27T11:57:35Z,63,(484)-030-3046
male,mr,eddie,hunt,1977-06-18T23:09:05Z,41,(729)-230-8723
male,mr,wallace,foster,1982-04-27T15:53:55Z,36,(063)-043-6906
male,mr,benjamin,bell,1980-11-04T09:34:06Z,38,(425)-021-4424
female,mrs,janet,beck,1970-02-26T20:40:54Z,49,(878)-412-4600
female,ms,rebecca,barrett,1953-04-20T09:27:04Z,65,(346)-491-7560
female,mrs,annette,perkins,1983-10-02T17:00:43Z,35,(434)-426-2458
male,mr,kelly,gibson,1953-06-30T23:49:12Z,65,(135)-918-3021
male,mr,tristan,franklin,1952-04-24T15:58:39Z,66,(021)-015-5719
female,miss,jessie,morris,1993-01-23T16:07:53Z,26,(438)-319-2454
female,ms,tracey,fletcher,1952-08-08T22:29:08Z,66,(161)-841-5942
female,mrs,brooklyn,cole,1965-11-09T08:44:24Z,53,(995)-011-8613
male,mr,norman,mcdonalid,1972-10-29T01:39:46Z,46,(207)-358-1412
female,ms,kelly,vargas,1990-07-21T04:53:56Z,28,(089)-532-2901
male,mr,oscar,stewart,1971-08-14T07:58:23Z,47,(193)-058-3308
female,mrs,sofia,baker,1972-04-01T15:19:16Z,46,(249)-990-2664
male,mr,joshua,steeves ,1991-07-07T22:53:22Z,27,(415)-894-4577
female,mrs,erin,arnold,1984-01-19T23:32:04Z,35,(837)-850-5741
male,mr,jordan,gibson,1948-11-03T11:59:55Z,70,(044)-412-2789
male,mr,zachary,lambert,1969-08-22T00:27:34Z,49,(748)-249-0679
female,mrs,charlene,jackson,1954-01-30T02:14:02Z,65,(142)-908-5112
female,miss,monica,wood,1947-03-01T16:44:38Z,72,(922)-090-6890
female,miss,robin,burton,1955-05-25T02:30:27Z,63,(612)-047-3934
male,mr,leo,evans,1950-03-26T03:07:52Z,68,(633)-329-7580
male,mr,mitchell,washington,1960-03-23T09:56:22Z,59,(993)-222-9133
male,mr,tomothy,fowler,1988-06-22T08:47:50Z,30,(653)-974-4338
male,mr,ricky,chapman,1995-02-19T01:22:42Z,24,(597)-220-4262
female,ms,deann,ray,1994-01-08T16:17:44Z,25,(192)-471-1994
female,ms,marilyn,chapman,1966-02-04T08:39:21Z,53,(069)-435-0588
male,mr,ricky,turner,1977-07-27T10:45:09Z,41,(182)-185-7083
male,mr,marshall,graves,1992-12-01T20:14:16Z,26,(214)-181-6313
male,mr,george,may,1953-07-08T04:02:19Z,65,(979)-008-9681
male,mr,phillip,miles,1964-02-02T15:07:44Z,55,(734)-977-9615
male,mr,jonathan,duncan,1992-05-07T23:49:45Z,26,(523)-360-6838
male,mr,kurt,hamilton,1951-01-04T08:33:52Z,68,(541)-355-4678
female,miss,erica,newman,1972-05-14T22:56:32Z,46,(713)-058-1784
female,miss,gertrude,harvey,1970-07-07T23:30:42Z,48,(994)-884-8722
male,mr,salvador,nguyen,1984-10-30T07:40:54Z,34,(100)-721-5475
male,mr,dave,kennedy,1964-08-11T15:00:48Z,54,(021)-014-7018
male,mr,francis,may,1972-12-15T12:17:57Z,46,(122)-700-9574
male,mr,willie,bennett,1953-07-21T07:02:57Z,65,(243)-857-6337
male,mr,byron,morris,1954-05-04T02:46:26Z,64,(057)-952-1402
male,mr,dustin,fernandez,1946-08-22T19:19:56Z,72,(490)-678-8823
female,miss,felicia,cunningham,1960-09-16T17:11:47Z,58,(778)-571-1640
female,ms,chloe,carter,1967-06-27T01:14:45Z,51,(280)-701-8508
male,mr,marion,parker,1965-01-29T06:43:32Z,54,(706)-817-4723
female,mrs,penny,hamilton,1986-12-20T08:12:18Z,32,(786)-811-4241
female,miss,pamela,rivera,1970-11-21T23:21:31Z,48,(420)-306-0328
female,mrs,irma,crawford,1961-02-07T13:57:26Z,58,(717)-996-6891
male,mr,jimmy,chavez,1984-05-31T09:40:34Z,34,(774)-830-0241
male,mr,enrique,carroll,1970-08-30T02:01:41Z,48,(806)-264-7845
female,mrs,lauren,jordan,1982-04-04T04:03:46Z,36,(979)-015-7321
male,mr,brayden,morales,1982-06-20T18:06:25Z,36,(303)-740-5718
female,ms,linda,spencer,1982-08-04T21:48:03Z,36,(793)-225-1430
male,mr,milton,moreno,1945-02-13T13:06:26Z,74,(598)-330-9560
female,miss,marjorie,matthews,1983-10-11T08:58:19Z,35,(976)-210-2551
male,mr,virgil,black,1952-01-10T11:15:13Z,67,(669)-922-1132
male,mr,arnold,thomas,1968-07-24T17:44:53Z,50,(863)-014-5293
male,mr,connor,hunter,1963-12-17T02:58:55Z,55,(173)-514-7127
female,miss,stephanie,martin,1962-07-10T00:51:45Z,56,(913)-735-6030
female,ms,wanda,snyder,1986-03-14T04:02:58Z,33,(259)-128-4521
male,mr,adrian,jensen,1992-11-23T22:56:41Z,26,(669)-865-0662
male,mr,jackson,cook,1992-07-11T15:20:40Z,26,(865)-807-0894
male,mr,bruce,richards,1946-03-21T06:13:21Z,73,(580)-101-0098
male,mr,kevin,larson,1986-03-08T04:52:11Z,33,(696)-174-3834
female,miss,tiffany,griffin,1988-12-19T00:43:44Z,30,(306)-668-1773
male,mr,gordon,robertson,1957-11-17T00:17:11Z,61,(241)-321-4239
female,ms,roberta,gomez,1995-09-04T02:21:28Z,23,(952)-848-1624
female,ms,stephanie,bishop,1970-01-14T16:43:59Z,49,(377)-954-9423
male,mr,francisco,lawson,1948-02-02T09:12:46Z,71,(933)-925-5731
male,mr,clifford,kelley,1946-04-07T13:58:36Z,72,(295)-071-2759
male,mr,ian,ruiz,1975-01-25T03:21:28Z,44,(440)-669-8381
male,mr,jimmy,hall,1968-06-04T23:12:29Z,50,(223)-322-8330
female,mrs,holly,brown,1994-04-02T10:17:34Z,24,(900)-411-9126
female,mrs,tara,douglas,1985-02-20T07:48:11Z,34,(452)-102-3662
male,mr,freddie,warren,1975-06-09T21:10:12Z,43,(955)-489-9048
female,mrs,erica,rivera,1982-04-28T02:02:24Z,36,(217)-922-9808
male,mr,vincent,ryan,1980-11-18T01:46:03Z,38,(329)-627-8948
male,mr,bob,gray,1956-11-04T19:59:52Z,62,(527)-550-0669
female,mrs,cherly,lawrence,1960-04-30T19:39:10Z,58,(797)-222-9365
male,mr,robert,pierce,1987-02-25T10:51:56Z,32,(359)-597-0030
male,mr,manuel,montgomery,1974-06-18T11:41:13Z,44,(976)-863-6818
female,miss,elaine,morrison,1978-05-11T08:31:44Z,40,(154)-767-8959
female,ms,judy,larson,1986-02-16T20:16:52Z,33,(533)-775-6213
male,mr,tim,james,1948-11-10T17:08:29Z,70,(358)-864-5930
male,mr,hugh,wagner,1963-12-07T13:25:21Z,55,(881)-843-6264
female,ms,kenzi,silva,1964-10-15T15:23:09Z,54,(288)-316-2726
male,mr,earl,scott,1996-06-03T11:04:01Z,22,(343)-129-2831
female,ms,lillian,rodriguez,1965-04-10T03:29:42Z,53,(736)-293-5041
male,mr,gary,peck,1984-11-14T05:21:17Z,34,(738)-542-0263
female,miss,kim,cox,1981-03-10T22:44:41Z,38,(135)-499-7512
male,mr,owen,howard,1950-09-16T03:18:49Z,68,(610)-751-7960
male,mr,ross,brewer,1987-10-27T04:43:07Z,31,(380)-121-2546
female,miss,lillian,bradley,1954-10-21T20:00:11Z,64,(204)-158-8690
female,ms,janice,perry,1987-07-02T11:51:39Z,31,(402)-703-1848
male,mr,jeffery,kelley,1965-02-23T01:19:11Z,54,(254)-072-9497
male,mr,richard,ray,1982-03-18T03:18:10Z,37,(438)-506-7577
female,miss,gabriella,armstrong,1997-01-27T02:08:16Z,22,(370)-223-6085
female,ms,kylie,cole,1982-06-19T17:50:07Z,36,(322)-942-7184
female,mrs,kathryn,white,1945-06-15T03:24:36Z,73,(594)-913-9959
male,mr,owen,lucas,1973-02-03T02:46:02Z,46,(054)-789-4929
male,mr,terrence,fields,1960-03-28T11:00:35Z,58,(340)-448-1785
female,miss,janet,castillo,1988-03-28T01:41:47Z,30,(380)-699-3106
male,mr,randall,grant,1984-12-02T19:12:53Z,34,(368)-143-0400
female,miss,sherri,garza,1993-09-14T00:31:44Z,25,(206)-610-3048
male,mr,gene,williams,1956-05-11T23:03:31Z,62,(601)-924-6726
male,mr,marcus,arnold,1971-10-03T01:11:40Z,47,(836)-423-2223
male,mr,claude,wagner,1950-11-19T05:37:04Z,68,(473)-219-5827
male,mr,brent,lewis,1983-05-18T12:14:59Z,35,(109)-777-1050
female,ms,bella,hughes,1996-05-16T02:57:03Z,22,(718)-087-5554
female,ms,stephanie,reed,1984-05-04T22:07:15Z,34,(657)-939-0478
female,ms,sally,lowe,1973-03-13T02:21:47Z,46,(122)-341-7300
female,mrs,genesis,james,1962-10-30T06:02:14Z,56,(660)-960-9865
female,mrs,jo,holland,1976-05-07T01:04:21Z,42,(221)-848-9053
male,mr,bobby,rhodes,1986-07-31T04:43:13Z,32,(963)-548-5870
male,mr,andrew,byrd,1958-03-11T17:43:58Z,61,(780)-348-6917
male,mr,norman,gordon,1990-05-29T06:57:47Z,28,(482)-456-4081
female,mrs,meghan,rivera,1990-06-04T06:36:33Z,28,(808)-395-9415
male,mr,glen,harrison,1965-06-21T11:11:40Z,53,(226)-127-1367
female,ms,stella,dixon,1951-07-20T08:29:29Z,67,(172)-882-2857
male,mr,same,flores,1991-10-09T14:59:32Z,27,(598)-916-9820
female,mrs,annette,edwards,1989-07-13T15:01:27Z,29,(040)-011-4215
female,miss,eleanor,mitchell,1979-07-05T05:23:27Z,39,(932)-407-4642
male,mr,jacob,lewis,1973-12-18T14:06:59Z,45,(005)-803-1239
male,mr,andre,watts,1985-10-02T17:23:31Z,33,(691)-886-3600
female,miss,annette,fernandez,1948-05-17T02:15:44Z,70,(010)-043-8938
female,miss,heather,west,1995-07-08T15:57:33Z,23,(577)-174-5596
male,mr,anthony,mckinney,1954-12-20T04:05:43Z,64,(644)-261-1556
male,mr,herbert,lynch,1955-12-26T15:38:36Z,63,(507)-662-2075
male,mr,stephen,sutton,1960-07-24T06:13:16Z,58,(112)-805-4928
female,ms,lorraine,hanson,1970-04-19T00:42:13Z,48,(554)-368-0309
